href,ID,location,ethnicity,sex,age,age group,education,community type,accent
https://search.library.wisc.edu/digital/AFSL4JL7RFCWWZ85,NC020,"['Columbia', 'North Carolina']",White,female,75,(old),6th grade,rural,South
https://search.library.wisc.edu/digital/AJXUS3L2SHVDC684,NC022,"['Columbia', 'North Carolina']",White,female,59,(middle-aged),high school,rural,South
https://search.library.wisc.edu/digital/ARHXQHQ7HSSINM8P,NC023,"['Old Dock', 'North Carolina']",White,female,68,(old),high school,rural,South
https://search.library.wisc.edu/digital/AKNWTZANUJW7HH8C,NC024,"['Old Dock', 'North Carolina']",White,male,51,(middle-aged),high school,rural,South
https://search.library.wisc.edu/digital/AMIWA7NBXMDZ3P8H,NC025,"['Ocracoke', 'North Carolina']",White,female,53,(middle-aged),8th grade,rural,South
https://search.library.wisc.edu/digital/AMDGFQZOHBLCOU8K,NC026,"['Ocracoke', 'North Carolina']",White,male,64,(old),6th grade,rural,South
https://search.library.wisc.edu/digital/A4JYM2Z3QKGYNT82,NC030,"['Linville', 'North Carolina']",White,male,42,(middle-aged),high school,rural,South
https://search.library.wisc.edu/digital/ARI6QQQ4HFBXC48Q,NC031,"['Spruce Pine', 'North Carolina']",White,female,58,(middle-aged),college,village,South
https://search.library.wisc.edu/digital/AUX44IT62NZ5BB84,NC033,"['Boone', 'North Carolina']",White,male,74,(old),college,village,South
https://search.library.wisc.edu/digital/AISWRLOJDVFOKM8A,NC034,"['Burnsville', 'North Carolina']",White,male,55,(middle-aged),college,village,South
https://search.library.wisc.edu/digital/A52CBID4QRBSP48J,NC035,"['Pensacola', 'North Carolina']",White,male,74,(old),grade school,rural,South
https://search.library.wisc.edu/digital/ANZAU2LMYXMCYM8C,NC036,"['Asheville', 'North Carolina']",White,female,55,(middle-aged),college,small city,South
https://search.library.wisc.edu/digital/AIWTWS2Y2ELTIV82,NC037,"['Highlands', 'North Carolina']",White,female,26,(young),high school,rural,South
https://search.library.wisc.edu/digital/AZLG6HZ47P3GMJ85,NC038,"['Winston-Salem', 'North Carolina']",White,female,76,(old),college,large city,South
https://search.library.wisc.edu/digital/AAA4XEQHABDFJ48T,NC039,"['Durham', 'North Carolina']",Black,female,65,(old),college,small city,South
https://search.library.wisc.edu/digital/AE25PKUGA3TJTQ8O,NC040,"['Durham', 'North Carolina']",White,female,73,(old),6th grade,small city,South
https://search.library.wisc.edu/digital/A4KPBQMZO6T7Z78F,NC041,"['Pinehurst', 'North Carolina']",White,male,70,(old),5th grade,village,South
https://search.library.wisc.edu/digital/A5WCKAUWE4SZUE8S,NC046,"['Chapel Hill', 'North Carolina']",White,male,52,(middle-aged),college,small city,South
https://search.library.wisc.edu/digital/AHNE34ADFR5YL383,NC047,"['Chapel Hills', 'North Carolina']",White,female,33,(young),college,small city,South
https://search.library.wisc.edu/digital/AHAWMRQR5KWDIA8T,NC052,"['Gastonia', 'North Carolina']",White,male,70,(old),high school,small city,South
https://search.library.wisc.edu/digital/A2X6SUVCT6G76N8N,NC053,"['Brasstown', 'North Carolina']",White,male,16,(young),8th grade,rural,South
https://search.library.wisc.edu/digital/AYQUXEBRQSBIPC8W,NC055,"['Brasstown', 'North Carolina']",White,female,72,(old),7th grade,rural,South
https://search.library.wisc.edu/digital/AFUYW7TSIAJOZD82,NC056,"['Kitty Hawk', 'North Carolina']",,,,,,,South
https://search.library.wisc.edu/digital/AISVNU73SPREN48T,NC057,"['Kitty Hawk', 'North Carolina']",,,,,,,South
https://search.library.wisc.edu/digital/AYYS7MQUHWXPQ39E,NC058,"['Roanoke Island', 'North Carolina']",,,,,,,South
https://search.library.wisc.edu/digital/ATXAL75UZ2A6O38L,NC059,"['Roanoke Island', 'North Carolina']",,,,,,,South
https://search.library.wisc.edu/digital/AZ537BOGVEDMIQ8Q,NC060,"['Buxton (Cape Hattaras)', 'North Carolina']",White,female,80,(old),high school,rural,South
https://search.library.wisc.edu/digital/APLEACQB2EFZ7K8M,NC062,"['Hillsborough', 'North Carolina']",White,male,62,(old),college,village,South
https://search.library.wisc.edu/digital/AE3CB7FYYXXV5F85,NC065,"['Hatteras', 'North Carolina']",White,male,86,(old),some schooling,rural,South
https://search.library.wisc.edu/digital/ARIUTTPN5S6OBN87,NC066,"['Hillsborough', 'North Carolina']",Black,female,60,(old),college,village,South
https://search.library.wisc.edu/digital/A2JAGSC7JYBMDA8C,NC068,"['Seagrove', 'North Carolina']",White,male,52,(middle-aged),7th grade,rural,South
https://search.library.wisc.edu/digital/AHCMPMGJJM4M368S,NC071,"['Salisbury', 'North Carolina']",White,male,53,(middle-aged),college,small city,South
https://search.library.wisc.edu/digital/AQCGQMKDZXDZSO8V,NC072,"['Salisbury', 'North Carolina']",White,male,65,(old),some high school,small city,South
https://search.library.wisc.edu/digital/ACUM4MMDGKZD5D8E,NC074,"['Robbins', 'North Carolina']",White,male,30,(young),grade school,rural,South
https://search.library.wisc.edu/digital/AKWA77LHDWDALY9C,NC076,"['Salvo-Waves-Rodanthe', 'North Carolina']",White,male,24,(young),high school,rural,South
https://search.library.wisc.edu/digital/APRXXQHRIHTCTV9B,NC083,"['Elizabeth City', 'North Carolina']",Black,female,88,(old),some college,small city,South
https://search.library.wisc.edu/digital/AGYVLAABQX3FL787,NC084,"['Elizabeth City', 'North Carolina']",Black,female,58,(middle-aged),9th grade,small city,South
https://search.library.wisc.edu/digital/AD6NDYUUSPB5XJ8P,NC085,"['Elizabeth City', 'North Carolina']",Black,male,52,(middle-aged),7th grade,small city,South
https://search.library.wisc.edu/digital/AKOIIKOO3VIKRC8E,NC086,"['Elizabeth City', 'North Carolina']",Black,female,68,(old),college with graduate work,small city,South
https://search.library.wisc.edu/digital/AX74KJFNKVR2XN84,NC088,"['Princeville', 'North Carolina']",Black,female,60,(old),college,rural,South
https://search.library.wisc.edu/digital/AIFUGXPPLMQNNY8K,NC089,"['Princeville', 'North Carolina']",Black,female,20,(young),college,rural,South
https://search.library.wisc.edu/digital/AEABJH2ZRJ7VCH8Y,ND001,"['Mandan', 'North Dakota']",White,male,75,(old),8th grade,rural,North Central
https://search.library.wisc.edu/digital/AN2O2VT6XY66ES84,ND003,"['Walhalla', 'North Dakota']",White,male,60,(old),7th grade,rural,North Central
https://search.library.wisc.edu/digital/AKF6VAL4IB2OXF82,ND009,"['Stanley', 'North Dakota']",White,male,54,(middle-aged),some high school,village,North Central
https://search.library.wisc.edu/digital/AFB5Z5QAXMG2DX8C,ND010,"['Stanley', 'North Dakota']",White,female,57,(middle-aged),high school,village,North Central
https://search.library.wisc.edu/digital/AUZGTXZ52ZCTDG8C,NE001,"['Bassett', 'Nebraska']",White,male,60,(old),8th grade,village,North
https://search.library.wisc.edu/digital/AIKPNIXRIU7AYT87,NE003,"['Aurora', 'Nebraska']",White,female,70,(old),college,village,North
https://search.library.wisc.edu/digital/AEJ42UPIW5S6KU8H,NE006,"['Scottsbluff', 'Nebraska']",White,female,64,(old),college,small city,West
https://search.library.wisc.edu/digital/ASZZMUY7VJNOXR8R,NE009,"['Nebraska City', 'Nebraska']",White,female,61,(old),college,village,Midland
https://search.library.wisc.edu/digital/AH43ISQKZV4ZXR8X,NE011,"['Cambridge', 'Nebraska']",White,female,45,(middle-aged),some college,village,Midland
https://search.library.wisc.edu/digital/AALHVVCP7HNQ268D,NH004,"['Jaffrey', 'New Hampshire']",White,male,70,(old),grade school,village,New England
https://search.library.wisc.edu/digital/AETDBHIZCXAFNC9B,NH005,"['Lebanon', 'New Hampshire']",White,male,80,(old),high school,rural,New England
https://search.library.wisc.edu/digital/AILHYAWITE4Y6S9B,NH006,"['Lebanon', 'New Hampshire']",White,female,68,(old),grade school,village,New England
https://search.library.wisc.edu/digital/A6JATO5DBAHSGE8M,NH017,"['Seabrook', 'New Hampshire']",White,female,54,(middle-aged),high school,village,New England
https://search.library.wisc.edu/digital/AZZWVSOA7G5CQU8W,NH018,"['Seabrook', 'New Hampshire']",White,male,30,(young),high school,village,New England
https://search.library.wisc.edu/digital/ANOJUXYIMLGJKF8D,NJ001,"['Newton', 'New Jersey']",White,male,78,(old),high school,village,North
https://search.library.wisc.edu/digital/A363GC6S6SL6ZB9D,NJ002,"['Washington', 'New Jersey']",White,female,67,(old),college,village,North
https://search.library.wisc.edu/digital/AYAPVBUWIVKPFK86,NJ003,"['Blairstown', 'New Jersey']",White,female,72,(old),some high school,rural,North
https://search.library.wisc.edu/digital/AIYMOMI3XFJ4FP9A,NJ004,"['Rockaway', 'New Jersey']",White,female,70,(old),high school,village,North
https://search.library.wisc.edu/digital/AO7YDRZA24AB6F9B,NJ005,"['Montague', 'New Jersey']",White,female,60,(old),college,rural,North
https://search.library.wisc.edu/digital/A6RTRGG76BYZ778N,NJ007,"['Montague', 'New Jersey']",White,female,71,(old),some high school,rural,North
https://search.library.wisc.edu/digital/AL2YIARP7GDTTL84,NJ008,"['Andover', 'New Jersey']",White,male,79,(old),some college,rural,North
https://search.library.wisc.edu/digital/A3GS5KPELVYX6I8U,NJ009,"['Long Valley', 'New Jersey']",White,female,79,(old),8th grade,village,North
https://search.library.wisc.edu/digital/AJYOUOT5PCXM2M8R,NJ010,"['Long Valley', 'New Jersey']",White,female,38,(young),some high school,rural,North
https://search.library.wisc.edu/digital/AWBA5QIN5FN42W8H,NJ011,"['Mendham', 'New Jersey']",White,female,72,(old),college,village,North
https://search.library.wisc.edu/digital/AUXVATE5X6QD6T8D,NJ012,"['Mendham', 'New Jersey']",White,female,58,(middle-aged),some high school,village,North
https://search.library.wisc.edu/digital/ALNYR5MU3Y2ZBS8I,NJ013,"['Mendham', 'New Jersey']",White,female,66,(old),college,village,North
https://search.library.wisc.edu/digital/ATTASPDA2WZXRQ82,NJ015,"['Salem', 'New Jersey']",White,female,75,(old),high school,village,Midland
https://search.library.wisc.edu/digital/AQNJTLQ3NOAQ4J8M,NJ017,"['Swedesboro', 'New Jersey']",White,male,72,(old),8th grade,rural,Midland
https://search.library.wisc.edu/digital/A3XGXNMGKTR43G8N,NJ018,"['Swedesboro', 'New Jersey']",White,male,68,(old),some high school,village,Midland
https://search.library.wisc.edu/digital/A75CCEW54UP5QF9C,NJ019,"['Newark', 'New Jersey']",White,female,71,(old),high school,urban,North
https://search.library.wisc.edu/digital/AJI3NXTBU6Q23Q82,NJ020,"['Greenwich', 'New Jersey']",White,female,80,(old),some college,rural,Midland
https://search.library.wisc.edu/digital/ARDUSAWDC2OLUG83,NJ021,"['Greenwich', 'New Jersey']",White,male,64,(old),8th grade,rural,Midland
https://search.library.wisc.edu/digital/A6GIKU66MWYMWV8X,NJ022,"['Cape May Courthouse', 'New Jersey']",,,,,,,Midland
https://search.library.wisc.edu/digital/ATDMOACL7ZG7MO8A,NJ023,"['Cape May Courthouse', 'New Jersey']",White,female,29,(young),some college,village,Midland
https://search.library.wisc.edu/digital/AEZQIPWHVWYRON8D,NJ025,"['Carlstadt', 'New Jersey']",White,male,76,(old),grade school,village,North
https://search.library.wisc.edu/digital/ADQ5PB2RUQEPBH8B,NJ026,"['Carlstadt', 'New Jersey']",White,female,45,(middle-aged),high school,village,North
https://search.library.wisc.edu/digital/A3VEENYT6XGXLH8Q,NJ027,"['Carlstadt', 'New Jersey']",White,male,69,(old),some high school,village,North
https://search.library.wisc.edu/digital/AZIKDG5W3W6JVT8O,NJ028,"['Butler', 'New Jersey']",White,male,76,(old),high school,village,North
https://search.library.wisc.edu/digital/AQ2SHFXD5AR2RC87,NJ030,"['Maplewood', 'New Jersey']",White,female,57,(middle-aged),college,small city,North
https://search.library.wisc.edu/digital/AF2W6OM7A3EPDG8R,NJ032,"['Mays Landing', 'New Jersey']",White,female,71,(old),high school,village,Midland
https://search.library.wisc.edu/digital/AT2KXKJDJ3WRMD8C,NJ033,"['Mays Landing', 'New Jersey']",White,male,68,(old),high school,village,Midland
https://search.library.wisc.edu/digital/ABIHCJWCTU5B2C8Y,NJ034,"['Mays Landing', 'New Jersey']",White,female,29,(young),high school,village,Midland
https://search.library.wisc.edu/digital/AYL46LTG3KSUHN8O,NJ035,"['Bound Brook', 'New Jersey']",White,male,64,(old),high school,small city,North
https://search.library.wisc.edu/digital/ARMYISFYMTEUKF9D,NJ036,"['Bound Brook', 'New Jersey']",White,male,78,(old),college,small city,North
https://search.library.wisc.edu/digital/ALP2KKAABOWKVC82,NJ039,"['Port Republic', 'New Jersey']",White,male,64,(old),high school,rural,Midland
https://search.library.wisc.edu/digital/ANVQRWNKJAB7YU87,NJ040,"['Port Republic', 'New Jersey']",White,female,64,(old),high school,rural,Midland
https://search.library.wisc.edu/digital/A2ZLTEFS3AIIVV8M,NJ042,"['Ringwood', 'New Jersey']",White,female,72,(old),high school,village,North
https://search.library.wisc.edu/digital/A6CRRHHF7UDVCY9A,NJ045,"['Flemington', 'New Jersey']",White,female,58,(middle-aged),high school,village,North
https://search.library.wisc.edu/digital/AGDUWOSQTJSADV8Z,NJ047,"['Flemington', 'New Jersey']",White,female,76,(old),some high school,rural,North
https://search.library.wisc.edu/digital/AYOIFGN2DGU2GT8L,NJ050,"['Pennington', 'New Jersey']",White,male,79,(old),grade school,village,Midland
https://search.library.wisc.edu/digital/AZBQ3OZYTSKDK38J,NJ051,"['Chatsworth', 'New Jersey']",White,male,77,(old),6th grade,rural,Midland
https://search.library.wisc.edu/digital/ABGQ5T2C5A4SHY87,NJ054,"['Mt. Holly', 'New Jersey']",White,male,52,(middle-aged),college,small city,Midland
https://search.library.wisc.edu/digital/ABJNNRCT6DJOPU9B,NJ055,"['Barnegat', 'New Jersey']",White,male,72,(old),college,rural,Midland
https://search.library.wisc.edu/digital/AN5SP2K7UX53FY87,NJ060,"['Glassboro', 'New Jersey']",White,male,58,(middle-aged),8th grade,small city,Midland
https://search.library.wisc.edu/digital/AEQCEJYC5UKRSE8H,NJ062,"['Glassboro', 'New Jersey']",,,,,,,Midland
https://search.library.wisc.edu/digital/ACJV6LLS6H7TN585,NJ064,"['Chatham Township', 'New Jersey']",White,male,82,(old),some high school,village,North
https://search.library.wisc.edu/digital/AUDLM3U2RBBTFU8H,NJ065,"['Madison', 'New Jersey']",White,male,85,(old),high school,rural,North
https://search.library.wisc.edu/digital/AV5K7BTQZJTIO78D,NJ067,"['Asbury Park', 'New Jersey']",Black,female,72,(old),8th grade,small city,Midland
https://search.library.wisc.edu/digital/ACLQERSVCV4KAN8I,NJ068,"['Asbury Park', 'New Jersey']",Black,female,61,(old),6th grade,small city,Midland
https://search.library.wisc.edu/digital/AZU2P67XLIT6VZ9B,NJ069,"['Trenton', 'New Jersey']",Black,male,64,(old),grade school,large city,Midland
https://search.library.wisc.edu/digital/A5FUXW5EUB5P7Q8F,NJ070,"['Trenton', 'New Jersey']",Black,male,46,(middle-aged),college,large city,Midland
https://search.library.wisc.edu/digital/A65HEN2CHN4NYN8H,NM002,"['Roswell', 'New Mexico']",White,female,81,(old),grade school,rural,South
https://search.library.wisc.edu/digital/AKHLIVPVUEG4IZ8K,NM003,"['Roswell', 'New Mexico']",White,male,71,(old),grade school,rural,South
https://search.library.wisc.edu/digital/ATVLCRRGMLYV5U8O,NM005,"['Las Vegas', 'New Mexico']",White,female,70,(old),high school,small city,West
https://search.library.wisc.edu/digital/APEJIS2HKNL66D8H,NM006,"['Las Vegas', 'New Mexico']",White,male,74,(old),grade school,small city,West
https://search.library.wisc.edu/digital/A3XSP2VW7PZTCR8T,NM007,"['Las Vegas', 'New Mexico']",White,female,72,(old),high school,small city,West
https://search.library.wisc.edu/digital/AR2EGRIUTKDPNY8Z,NM008,"['Kirtland', 'New Mexico']",White,female,67,(old),grade school,rural,West
https://search.library.wisc.edu/digital/A7KZEV5TZ364G28R,NM009,"['Kirtland', 'New Mexico']",White,female,65,(old),grade school,rural,West
https://search.library.wisc.edu/digital/A7HM534AIUURGP85,NM012,"['Silver City', 'New Mexico']",White,female,86,(old),high school,village,West
https://search.library.wisc.edu/digital/AI47TZSULJAT4C8O,NM015,"['Silver City', 'New Mexico']",White,male,63,(old),college,village,West
https://search.library.wisc.edu/digital/ASIBQTYGL63OSR8K,NV008,"['Carson City', 'Nevada']",White,male,83,(old),grade school,rural,West
https://search.library.wisc.edu/digital/AZVJ4RCHAMWV6N9C,NY002,"['Gloversville', 'New York']",White,male,73,(old),grade school,small city,North
https://search.library.wisc.edu/digital/ADK7PQZVTMAX6E9D,NY004,"['Old Forge', 'New York']",White,male,78,(old),high school,rural,North
https://search.library.wisc.edu/digital/A65ORB7QO4SKRV8E,NY007,"['Old Forge', 'New York']",White,female,22,(young),college,rural,North
https://search.library.wisc.edu/digital/AJZS7TE2ULG7WG8X,NY025,"['Plattsburgh', 'New York']",White,female,38,(young),college,small city,New England
https://search.library.wisc.edu/digital/AAMPCGTZCABRKH8G,NY026,"['Plattsburgh', 'New York']",White,male,53,(middle-aged),high school,rural,New England
https://search.library.wisc.edu/digital/AABWW5PUZRNLND9D,NY027,"['Chateaugay', 'New York']",White,male,71,(old),grade school,rural,New England
https://search.library.wisc.edu/digital/AHT5LDTMKGKZFI82,NY028,"['Chateaugay', 'New York']",White,female,48,(middle-aged),high school,rural,New England
https://search.library.wisc.edu/digital/AQEPQZLML4BABM8B,NY030,"['Potsdam', 'New York']",White,female,68,(old),college,village,North
https://search.library.wisc.edu/digital/ADBXASEJ4SXM2P82,NY032,"['Potsdam', 'New York']",White,male,80,(old),some schooling,rural,North
https://search.library.wisc.edu/digital/A7F5RPQRV5NJIH9E,NY034,"['Brooklyn', 'New York']",White,female,63,(old),college,urban,New York City
https://search.library.wisc.edu/digital/ARIZOL3R4NHGP48E,NY035,"['Brooklyn', 'New York']",White,female,63,(old),high school,urban,New York City
https://search.library.wisc.edu/digital/AXOUEWSHZBREZU8I,NY036,"['Brooklyn', 'New York']",White,male,64,(old),high school,urban,New York City
https://search.library.wisc.edu/digital/AYBHJ3E4LFMW728P,NY037,"['Brooklyn', 'New York']",White,male,69,(old),high school,urban,New York City
https://search.library.wisc.edu/digital/AJMI355HDRAYYP8O,NY038,"['Brooklyn', 'New York']",White,female,60,(old),college,urban,New York City
https://search.library.wisc.edu/digital/ABA5JOYS5AVVNL86,NY039,"['Brooklyn', 'New York']",White,female,57,(middle-aged),grade school,urban,New York City
https://search.library.wisc.edu/digital/AU3SEOFMW6JJL283,NY040,"['Brooklyn', 'New York']",White,male,49,(middle-aged),high school,urban,New York City
https://search.library.wisc.edu/digital/ACVXBTA3S65KH49D,NY041,"['Brooklyn', 'New York']",White,female,70,(old),high school,urban,New York City
https://search.library.wisc.edu/digital/A6CIPAFUBBO2VL8Q,NY042,"['Brooklyn', 'New York']",White,male,65,(old),college,urban,New York City
https://search.library.wisc.edu/digital/AZ2OF7YXLAORRL85,NY043,"['Brooklyn', 'New York']",White,female,91,(old),grade school,urban,New York City
https://search.library.wisc.edu/digital/ACVL256HUFGLAW8G,NY044,"['Brooklyn', 'New York']",White,male,56,(middle-aged),high school,urban,New York City
https://search.library.wisc.edu/digital/AIFK3WNGEKU2VF8Q,NY045,"['Brooklyn', 'New York']",White,female,70,(old),college,urban,New York City
https://search.library.wisc.edu/digital/AASOFQHZHCET4P84,NY046,"['Brooklyn', 'New York']",White,female,50,(middle-aged),college,urban,New York City
https://search.library.wisc.edu/digital/A5FLJELKNQJJC38D,NY048,"['Brooklyn', 'New York']",White,female,68,(old),college,urban,New York City
https://search.library.wisc.edu/digital/AQLUGRUW3RJTW28M,NY049,"['Brooklyn', 'New York']",White,female,66,(old),high school,urban,New York City
https://search.library.wisc.edu/digital/AI6662CLWOCYA384,NY051,"['Brooklyn', 'New York']",White,female,57,(middle-aged),high school,urban,New York City
https://search.library.wisc.edu/digital/AIU2HEX7WZFVG78V,NY052,"['Goshen', 'New York']",White,male,73,(old),college,rural,North
https://search.library.wisc.edu/digital/ASWGLUVBM356WD84,NY053,"['Queens', 'New York']",White,female,82,(old),high school,urban,New York City
https://search.library.wisc.edu/digital/AGMO3RT2JV2YGM8U,NY054,"['Queens', 'New York']",White,female,68,(old),high school,urban,New York City
https://search.library.wisc.edu/digital/AAM4VGYEHUNX2M8B,NY055,"['Queens', 'New York']",Black,female,48,(middle-aged),high school,urban,New York City
https://search.library.wisc.edu/digital/AEIIJBLXQPUPX58C,NY057,"['Brooklyn', 'New York']",White,male,76,(old),some schooling,urban,New York City
https://search.library.wisc.edu/digital/AVXKW3UFG3NVF68X,NY059,"['Tarrytown', 'New York']",White,male,68,(old),high school,small city,North
https://search.library.wisc.edu/digital/A3476OH3F4UR3D8L,NY060,"['Queens', 'New York']",White,female,69,(old),college,urban,New York City
https://search.library.wisc.edu/digital/AQYN33EH2QRLD48T,NY061,"['Queens', 'New York']",Black,female,84,(old),grade school,urban,New York City
https://search.library.wisc.edu/digital/A6Q4RZBI5TUBHE8E,NY064,"['Queens', 'New York']",White,female,44,(middle-aged),high school,urban,New York City
https://search.library.wisc.edu/digital/AWMYTZGCMB2LRS9D,NY066,"['North Tarrytown', 'New York']",White,male,78,(old),high school,small city,North
https://search.library.wisc.edu/digital/ADEE3UZ3KBIOXD8Y,NY067,"['Manhattan', 'New York']",White,female,50,(middle-aged),college,urban,New York City
https://search.library.wisc.edu/digital/AIXKWVHH6AKO428T,NY068,"['Granville', 'New York']",White,male,80,(old),grade school,rural,New England
https://search.library.wisc.edu/digital/ALUOADVYSSYKSS84,NY069,"['White Sulphur Springs', 'New York']",White,female,72,(old),grade school,rural,North
https://search.library.wisc.edu/digital/AL77RGORNBXHHM8R,NY071,"['Valatie', 'New York']",White,male,80,(old),high school,rural,North
https://search.library.wisc.edu/digital/AWZTW3INOS7MTK8L,NY073,"['Roxbury', 'New York']",White,male,80,(old),grade school,rural,North
https://search.library.wisc.edu/digital/AWNC2ZPHFKEKFI8P,NY075,"['Oxford', 'New York']",White,male,71,(old),grade school,rural,North
https://search.library.wisc.edu/digital/ARUNLLYV3UDALH8Z,NY078,"['Corona', 'New York']",White,female,57,(middle-aged),high school,urban,New York City
https://search.library.wisc.edu/digital/A3ITOSZYT7IAON8G,NY079,"['Corona', 'New York']",White,male,64,(old),high school,urban,New York City
https://search.library.wisc.edu/digital/AZ5EX67U2TIETU82,NY080,"['Newburgh', 'New York']",White,male,56,(middle-aged),high school,small city,North
https://search.library.wisc.edu/digital/AHR4KGTAUPLJBN9A,NY081,"['Manhattan', 'New York']",White,male,20,(young),college,urban,New York City
https://search.library.wisc.edu/digital/AXXGVBYB3LOJT68T,NY082,"['Saugerties', 'New York']",White,male,64,(old),grade school,village,North
https://search.library.wisc.edu/digital/AVDLKQOA444IJQ8S,NY085,"['Millerton', 'New York']",White,male,52,(middle-aged),high school,village,North
https://search.library.wisc.edu/digital/AFRORKFYJAONYW87,NY087,"['Kingston', 'New York']",White,male,50,(middle-aged),high school,small city,North
https://search.library.wisc.edu/digital/APGWO27KDA7CKW8C,NY088,"['Warrensburg', 'New York']",White,female,52,(middle-aged),high school,village,North
https://search.library.wisc.edu/digital/AK2DMLXCPF7SVL8Z,NY089,"['Queens', 'New York']",White,female,29,(young),high school,urban,New York City
https://search.library.wisc.edu/digital/ASNGS7R5PMUSAY8P,NY090,"['Queens', 'New York']",White,female,75,(old),high school,urban,New York City
https://search.library.wisc.edu/digital/AH3N4VPXAJ7UCB9A,NY092,"['Lake Pleasant', 'New York']",White,male,56,(middle-aged),high school,rural,North
https://search.library.wisc.edu/digital/AAH45MJTHHISE28X,NY093,"['Windsor', 'New York']",White,male,54,(middle-aged),high school,village,North
https://search.library.wisc.edu/digital/ABMADTW47UF6VF87,NY094,"['Windsor', 'New York']",White,female,43,(middle-aged),high school,village,North
https://search.library.wisc.edu/digital/ARTJIS5OWBFXG28F,NY096,"['Boonville', 'New York']",White,male,74,(old),grade school,village,North
https://search.library.wisc.edu/digital/AT25F7TWGE7ZM78E,NY099,"['Fredonia', 'New York']",White,female,70,(old),college,small city,North
https://search.library.wisc.edu/digital/A3PL4Y4XGWTNWW8E,NY100,"['Fredonia', 'New York']",White,female,71,(old),college,small city,North
https://search.library.wisc.edu/digital/ADMSBZOFH2KVVU8T,NY101,"['Fredonia', 'New York']",White,male,76,(old),grade school,small city,North
https://search.library.wisc.edu/digital/AJT6OEBHVQHSD785,NY103,"['Ripley', 'New York']",White,male,82,(old),college,village,North
https://search.library.wisc.edu/digital/AKMWAH7JD6OPCD8K,NY104,"['Ripley', 'New York']",White,female,79,(old),high school,village,North
https://search.library.wisc.edu/digital/AODB2GAIWZIU7V8F,NY105,"['Gowanda', 'New York']",White,female,79,(old),high school,village,North
https://search.library.wisc.edu/digital/AO2H5HY46VRAEV8S,NY106,"['Gowanda', 'New York']",White,female,75,(old),high school,village,North
https://search.library.wisc.edu/digital/A6TRBTQCZBH5G38R,NY107,"['Geneseo', 'New York']",White,female,73,(old),college,village,North
https://search.library.wisc.edu/digital/AWGZQO3VEFF5DH8P,NY108,"['Geneseo', 'New York']",White,female,74,(old),high school,village,North
https://search.library.wisc.edu/digital/AC2N5XQ3KYYGZD9B,NY109,"['Seneca Falls', 'New York']",White,male,34,(middle-aged),high school,rural,North
https://search.library.wisc.edu/digital/ATCWWN6TNZZRMD8Y,NY111,"['Montour Falls', 'New York']",White,female,60,(old),high school,village,North
https://search.library.wisc.edu/digital/A2HRZDEKNLKD6I83,NY113,"['Montour Falls', 'New York']",White,female,72,(old),high school,village,North
https://search.library.wisc.edu/digital/AWM5QC72RX3OOJ9E,NY114,"['Wayland', 'New York']",White,male,37,(young),grade school,village,North
https://search.library.wisc.edu/digital/AMXYJTEOJUJTOS8E,NY115,"['Wayland', 'New York']",White,female,76,(old),high school,village,North
https://search.library.wisc.edu/digital/AWT2GV2YA6YVAO9C,NY116,"['Wayland', 'New York']",White,female,75,(old),grade school,rural,North
https://search.library.wisc.edu/digital/AB67CJHF2J4JWU9B,NY118,"['Bronx', 'New York']",White,male,27,(young),college,urban,New York City
https://search.library.wisc.edu/digital/AHLE34Y6NNBUTW8R,NY120,"['Skaneateles', 'New York']",White,female,64,(old),college,village,North
https://search.library.wisc.edu/digital/AI5XKU64FRS6PJ8X,NY121,"['Skaneateles', 'New York']",White,female,40,(middle-aged),college,village,North
https://search.library.wisc.edu/digital/ARSWYISHW2Q2T28V,NY122,"['Skaneateles', 'New York']",White,male,44,(middle-aged),high school,rural,North
https://search.library.wisc.edu/digital/AC3AT3TW566EL28B,NY123,"['Owego', 'New York']",White,female,52,(middle-aged),college,village,North
https://search.library.wisc.edu/digital/AGS5UIHH67COMX9B,NY124,"['Brooklyn', 'New York']",White,male,48,(middle-aged),college,urban,New York City
https://search.library.wisc.edu/digital/AN2KUWYKYBBMWT8V,NY126,"['Schoharie', 'New York']",White,female,67,(old),high school,village,North
https://search.library.wisc.edu/digital/AUB52EQG72MI7B8D,NY129,"['Buffalo', 'New York']",,,,,,,North
https://search.library.wisc.edu/digital/AHMYSS24VPNWH683,NY131,"['Buffalo', 'New York']",,,,,,,North
https://search.library.wisc.edu/digital/AXUNSM2HHF72S28Z,NY139,"['Wellsville', 'New York']",White,female,81,(old),college,village,North
https://search.library.wisc.edu/digital/AZFIXLZFX5S7YV87,NY141,"['Fayetteville', 'New York']",White,female,58,(middle-aged),college,village,North
https://search.library.wisc.edu/digital/ADJBOSKMXMJS4V8X,NY144,"['Fayetteville', 'New York']",White,female,39,(young),college,village,North
https://search.library.wisc.edu/digital/AN4IB55SKZC6UZ8X,NY150,"['Oswego', 'New York']",White,male,72,(old),grade school,rural,North
https://search.library.wisc.edu/digital/AHR22ARNQRAQ4A8Z,NY153,"['Palmyra', 'New York']",White,female,79,(old),grade school,village,North
https://search.library.wisc.edu/digital/AJVTGPMNLD2ORX9B,NY159,"['Homer', 'New York']",White,male,79,(old),grade school,rural,North
https://search.library.wisc.edu/digital/A5LQ3LUZIIP7CE8C,NY163,"['Albion', 'New York']",White,male,71,(old),high school,rural,North
https://search.library.wisc.edu/digital/A4JHNURN5YMYQQ8Q,NY167,"['Syracuse', 'New York']",White,female,58,(middle-aged),college,large city,North
https://search.library.wisc.edu/digital/AN2MUD5NYWPKGB8M,NY168,"['Syracuse', 'New York']",White,female,46,(middle-aged),college,large city,North
https://search.library.wisc.edu/digital/AIWLRHSTSA3IIC8R,NY173,"['Yorkville', 'New York']",White,female,78,(old),high school,village,New York City
https://search.library.wisc.edu/digital/AU7MWXGXN2GPXT8N,NY175,"['Yorkville', 'New York']",White,female,41,(middle-aged),high school,village,New York City
https://search.library.wisc.edu/digital/AZN7PYPHSNXXR68Z,NY178,"['Orleans', 'New York']",White,male,80,(old),high school,village,North
https://search.library.wisc.edu/digital/AS4S4ININXZVMY9C,NY183,"['Salamanca', 'New York']",White,male,54,(middle-aged),high school,village,North
https://search.library.wisc.edu/digital/AKGH5ZURY6RE3E8V,NY184,"['Salamanca', 'New York']",White,female,39,(young),high school,village,North
https://search.library.wisc.edu/digital/AN7WJSWSJRQRC687,NY186,"['Oneonta', 'New York']",White,female,37,(young),college,small city,North
https://search.library.wisc.edu/digital/A6FLKD6X2BQ6YK8D,NY190,"['Cooperstown', 'New York']",White,female,63,(old),college,village,North
https://search.library.wisc.edu/digital/APJXBX7UY5HODA8C,NY194,"['Canajoharie', 'New York']",White,female,77,(old),college,village,North
https://search.library.wisc.edu/digital/AF6G2KK2D5N3H39D,NY195,"['Canajoharie', 'New York']",White,female,79,(old),high school,village,North
https://search.library.wisc.edu/digital/AYCIXNSVAKPKXS85,NY199,"['Little Falls', 'New York']",White,female,67,(old),college,village,North
https://search.library.wisc.edu/digital/AJXUDXGXGH2PF58G,NY200,"['Hamilton', 'New York']",,,,,,,North
https://search.library.wisc.edu/digital/AAWQ66RG7V75AA8S,NY202,"['Hamilton', 'New York']",White,male,60,(old),college,village,North
https://search.library.wisc.edu/digital/AC6BB7EEDQV33I8K,NY203,"['Little Falls', 'New York']",White,male,65,(old),high school,village,North
https://search.library.wisc.edu/digital/AGI2G6AYRXUJR38L,NY204,"['Binghamton', 'New York']",,,,,,,North
https://search.library.wisc.edu/digital/AIPDVHW3HCMLK786,NY205,"['Saratoga Springs', 'New York']",White,male,78,(old),high school,village,North
https://search.library.wisc.edu/digital/AFNIDEOFK2G2RI83,NY208,"['Monroe', 'New York']",,,,,,,North
https://search.library.wisc.edu/digital/A5M6ONAIPV7UYQ83,NY211,"['Newburgh', 'New York']",White,male,64,(old),college,small city,North
https://search.library.wisc.edu/digital/AUVL5GGABJM4XT8W,NY215,"['Jamestown', 'New York']",White,male,65,(old),grade school,small city,North
https://search.library.wisc.edu/digital/ARA2DI77VNRJ7H8N,NY219,"['Speculator', 'New York']",White,male,73,(old),grade school,rural,North
https://search.library.wisc.edu/digital/AFXIKBPVIIQXIC85,NY220,"['Voorheesville', 'New York']",White,female,75,(old),high school,village,North
https://search.library.wisc.edu/digital/AEAYCNFDJYXCPF8X,NY223,"['Bath', 'New York']",White,female,76,(old),high school,village,North
https://search.library.wisc.edu/digital/AO73E2LKYTDMEO8K,NY225,"['Jamestown', 'New York']",White,male,31,(young),college,small city,North
https://search.library.wisc.edu/digital/ADZ6YN2BQNW5PI8S,NY226,"['Alden', 'New York']",White,male,82,(old),college,village,North
https://search.library.wisc.edu/digital/AVXTQJLTOGR5VB8U,NY232,"['Arcade', 'New York']",White,female,80,(old),high school,village,North
https://search.library.wisc.edu/digital/AJQLKHIL2MLZPN85,NY234,"['Whitney Point', 'New York']",White,female,50,(middle-aged),high school,village,North
https://search.library.wisc.edu/digital/A6ATVSMXZJDRSG84,NY236,"['Manhattan', 'New York']",Black,female,33,(young),high school,urban,New York City
https://search.library.wisc.edu/digital/A6R3RRHCUSNSXU8X,NY242,"['New York City', 'New York']",,,,,,,New York City
https://search.library.wisc.edu/digital/AZUJGEQDUOBK4S8I,NY245,"['Brooklyn', 'New York']",White,male,78,(old),high school,urban,New York City
https://search.library.wisc.edu/digital/AXIJOEQFNQ2XHL8D,NY246,"['Manhattan', 'New York']",White,female,72,(old),college,urban,New York City
https://search.library.wisc.edu/digital/ASKIHV474QGS4T8N,NY247,"['Brooklyn', 'New York']",White,male,42,(middle-aged),high school,urban,New York City
https://search.library.wisc.edu/digital/AYE3CKWZWNC55H9A,OH001,"['Chagrin Falls', 'Ohio']",White,female,69,(old),college,small city,North
https://search.library.wisc.edu/digital/A4FBZOJNXJOVET85,OH008,"['Burton', 'Ohio']",White,female,77,(old),high school,village,North
https://search.library.wisc.edu/digital/AAU5YQSF46I4T49B,OH017,"['Leroy', 'Ohio']",White,female,78,(old),high school,rural,North
https://search.library.wisc.edu/digital/ADSD2Y64MMWDZV8N,OH018,"['Leroy', 'Ohio']",White,female,78,(old),high school,rural,North
https://search.library.wisc.edu/digital/AD2B4UTOVQZ6IY8G,OH020,"['Wellington', 'Ohio']",White,male,47,(middle-aged),college,village,North
https://search.library.wisc.edu/digital/AXPEATNWBOYU4U84,OH021,"['Wellington', 'Ohio']",White,female,46,(middle-aged),college,village,North
https://search.library.wisc.edu/digital/ANW7NMDS33F77D8C,OH022,"['Custar', 'Ohio']",White,male,61,(old),high school,rural,North
https://search.library.wisc.edu/digital/AVV5DI3QYGRLVC9B,OH023,"['Bowling Green', 'Ohio']",White,female,75,(old),high school,small city,North
https://search.library.wisc.edu/digital/A6RBVWUX6QCYLZ8C,OH024,"['Bowling Green', 'Ohio']",White,female,71,(old),some college,small city,North
https://search.library.wisc.edu/digital/AUW2IVOKPELO3K8M,OH028,"['Norwalk', 'Ohio']",White,female,77,(old),high school,small city,North
https://search.library.wisc.edu/digital/AOMFKICIM6RELN8J,OH029,"['Norwalk', 'Ohio']",White,female,77,(old),high school,small city,North
https://search.library.wisc.edu/digital/ACW66W6PAFRRCH8V,OH031,"['Circleville', 'Ohio']",White,female,65,(old),some college,rural,Midland
https://search.library.wisc.edu/digital/A63DRK2YFVVJZD8G,OH032,"['Circleville', 'Ohio']",White,male,65,(old),high school,rural,Midland
https://search.library.wisc.edu/digital/APZKYIKUBYHXAI8J,OH033,"['Circleville', 'Ohio']",White,male,55,(middle-aged),high school,small city,Midland
https://search.library.wisc.edu/digital/A2PIQOYWBZ6UTG8R,OH034,"['Chillicothe', 'Ohio']",White,male,61,(old),college,small city,Midland
https://search.library.wisc.edu/digital/A24CTDSUQ7JJ4X86,OH036,"['Chillicothe', 'Ohio']",White,male,64,(old),college,small city,Midland
https://search.library.wisc.edu/digital/AEQ5OFGFI6CUMR86,OH037,"['Chillicothe', 'Ohio']",White,female,61,(old),some college,small city,Midland
https://search.library.wisc.edu/digital/AU2NOVKZKD6ZHG8T,OH038,"['Wellston', 'Ohio']",White,female,72,(old),some college,village,Midland
https://search.library.wisc.edu/digital/ACJSLEF5O2ZD4V8S,OH039,"['Long Bottom', 'Ohio']",White,female,35,(young),6th grade,rural,Midland
https://search.library.wisc.edu/digital/ARA2ZL4REV2ILX8U,OH040,"['Long Bottom', 'Ohio']",White,female,18,(young),high school,rural,Midland
https://search.library.wisc.edu/digital/ARHJG4NKDW2LIV8K,OH041,"['McConnelsville', 'Ohio']",White,female,78,(old),some high school,village,Midland
https://search.library.wisc.edu/digital/A7JZ2ORLUBAP5G8Q,OH042,"['Marietta', 'Ohio']",White,male,71,(old),some college,small city,Midland
https://search.library.wisc.edu/digital/AMLQUMIWUSMVBG8D,OH043,"['Marietta', 'Ohio']",White,male,30,(young),college,small city,Midland
https://search.library.wisc.edu/digital/AJWYFIDKWBUBIZ8R,OH044,"['Clarington', 'Ohio']",White,male,64,(old),college,rural,Midland
https://search.library.wisc.edu/digital/AXYTL2SZAJWAZE8R,OH045,"['Gallipolis', 'Ohio']",White,female,53,(middle-aged),high school,village,Midland
https://search.library.wisc.edu/digital/ANVYDXYEIICNS78M,OH046,"['Gallipolis', 'Ohio']",White,female,21,(young),high school,village,Midland
https://search.library.wisc.edu/digital/AT7CX6KMJJDDAH8D,OH047,"['The Plains', 'Ohio']",White,male,48,(middle-aged),high school,village,Midland
https://search.library.wisc.edu/digital/A5UREBZMPPMAAW8A,OH048,"['Somerset', 'Ohio']",White,female,64,(old),8th grade,rural,Midland
https://search.library.wisc.edu/digital/A57RS2J34UBHKH87,OH049,"['Ironton', 'Ohio']",White,female,65,(old),some college,small city,Midland
https://search.library.wisc.edu/digital/AMOLJUKWGV74OU8E,OH050,"['Ironton', 'Ohio']",White,male,66,(old),college,small city,Midland
https://search.library.wisc.edu/digital/ADFF2OVGZKWLPX8A,OH051,"['Peebles', 'Ohio']",White,female,60,(old),some college,village,Midland
https://search.library.wisc.edu/digital/AZ65TJZRL4RXLR8N,OH052,"['Peebles', 'Ohio']",White,female,44,(middle-aged),high school,village,Midland
https://search.library.wisc.edu/digital/A3D4KGDHR654XN8B,OH054,"['Oxford', 'Ohio']",White,male,84,(old),college,small city,Midland
https://search.library.wisc.edu/digital/ALRWAWF7T5O3G282,OH055,"['Oxford', 'Ohio']",White,female,67,(old),some college,small city,Midland
https://search.library.wisc.edu/digital/ATJT4Q3QABEPLC8H,OH057,"['Ripley', 'Ohio']",White,female,68,(old),some college,village,Midland
https://search.library.wisc.edu/digital/A4JLPX7JAHJ4SK8P,OH058,"['Ripley', 'Ohio']",White,male,71,(old),high school,village,Midland
https://search.library.wisc.edu/digital/ADIIBDBI2BGX448W,OH059,"['Georgetown', 'Ohio']",White,female,69,(old),some college,village,Midland
https://search.library.wisc.edu/digital/A4WTA4FW2ARQRO8Y,OH060,"['Georgetown', 'Ohio']",White,female,68,(old),some college,rural,Midland
https://search.library.wisc.edu/digital/AB5URYGTRVMUMZ8T,OH061,"['Leesburg', 'Ohio']",White,female,62,(old),high school,rural,Midland
https://search.library.wisc.edu/digital/AY3XEFRVW52IQO8F,OH063,"['Lebanon', 'Ohio']",White,female,59,(old),college,village,Midland
https://search.library.wisc.edu/digital/AJNLM33VPFUTTQ8Q,OH064,"['Lebanon', 'Ohio']",White,male,79,(old),8th grade,rural,Midland
https://search.library.wisc.edu/digital/A3F7TG44XIRAUA8I,OH065,"['Cambridge', 'Ohio']",White,female,60,(old),high school,small city,Midland
https://search.library.wisc.edu/digital/A4MU7SLN77655P82,OH066,"['Salem', 'Ohio']",White,female,73,(old),some high school,small city,North
https://search.library.wisc.edu/digital/ASH4TI67XNRNNH8K,OH068,"['Port Clinton', 'Ohio']",White,male,67,(old),college,village,North
https://search.library.wisc.edu/digital/AKTCZOKTSTRLZF8T,OH069,"['Bryan', 'Ohio']",White,female,61,(old),high school,rural,North
https://search.library.wisc.edu/digital/ABLETGSLALIQRB8K,OH070,"['Bryan', 'Ohio']",White,male,62,(old),high school,village,North
https://search.library.wisc.edu/digital/AJMZIDNVAT3BZM86,OH071,"['East Liverpool', 'Ohio']",White,male,80,(old),some college,small city,Midland
https://search.library.wisc.edu/digital/A3HQKK5FD44GZ48J,OH072,"['Bellville', 'Ohio']",White,female,83,(old),high school,village,North
https://search.library.wisc.edu/digital/AG25V4PXMIHMDA83,OH073,"['Bellville', 'Ohio']",White,male,83,(old),some college,village,North
https://search.library.wisc.edu/digital/AFEVJIQJ4AA7LP8T,OH074,"['Mount Vernon', 'Ohio']",White,male,76,(old),some college,small city,Midland
https://search.library.wisc.edu/digital/A6ALOKZOPSCCEU8N,OH075,"['Mount Vernon', 'Ohio']",White,female,69,(old),some college,small city,Midland
https://search.library.wisc.edu/digital/AXCEKUETY6TOW28F,OH076,"['Cheviot', 'Ohio']",White,male,49,(middle-aged),high school,urban,Midland
https://search.library.wisc.edu/digital/AY2P342DEY4V4A8N,OH078,"['Mount Pleasant', 'Ohio']",White,female,73,(old),high school,rural,Midland
https://search.library.wisc.edu/digital/A347YHLTMFBUKD8A,OH079,"['New Philadelphia', 'Ohio']",White,male,71,(old),7th grade,small city,Midland
https://search.library.wisc.edu/digital/AI5TQU7DMMHRIQ8B,OH080,"['Dover', 'Ohio']",White,male,81,(old),some high school,small city,Midland
https://search.library.wisc.edu/digital/AZGDPJ3TYVFESL8W,OH081,"['Berlin', 'Ohio']",White,male,75,(old),8th grade,rural,Midland
https://search.library.wisc.edu/digital/AH6IS7ROSET2LJ8R,OH082,"['Millersburg', 'Ohio']",White,male,61,(old),college,village,Midland
https://search.library.wisc.edu/digital/A4ANYU6PMZ4Z3M8R,OH084,"['Greenville', 'Ohio']",White,female,34,(young),college,small city,Midland
https://search.library.wisc.edu/digital/AFIL4HECGT46CX8W,OH085,"['Greenville', 'Ohio']",White,female,64,(old),high school,small city,Midland
https://search.library.wisc.edu/digital/AS7J3HTDY6BT4K8P,OH087,"['Delaware', 'Ohio']",White,female,56,(middle-aged),high school,rural,Midland
https://search.library.wisc.edu/digital/AOSAXFQVJLSSRU8R,OH088,"['Upper Sandusky', 'Ohio']",White,female,54,(middle-aged),some high school,rural,North
https://search.library.wisc.edu/digital/AWXZSNTSMSDZPH8W,OH089,"['Delphos', 'Ohio']",White,male,75,(old),8th grade,village,North
https://search.library.wisc.edu/digital/AURTAEMCZ3RDZN8A,OH090,"['Granville', 'Ohio']",White,female,48,(middle-aged),high school,village,Midland
https://search.library.wisc.edu/digital/AQGNEMJBS5SLAJ84,OH091,"['Dayton', 'Ohio']",White,female,22,(young),high school,large city,Midland
https://search.library.wisc.edu/digital/AFPLI3BU5GAZEQ8O,OH093,"['Dayton', 'Ohio']",White,female,72,(old),college,large city,Midland
https://search.library.wisc.edu/digital/AXR5ZSJYYQ47UU8P,OH094,"['Dayton', 'Ohio']",White,female,48,(middle-aged),college with graduate work,large city,Midland
https://search.library.wisc.edu/digital/AOBYKXIQBFR2MD8W,OH095,"['Urbana', 'Ohio']",White,male,70,(old),high school,rural,Midland
https://search.library.wisc.edu/digital/A2PSSCXQFLGV2B8N,OH096,"['Urbana', 'Ohio']",White,female,87,(old),college,small city,Midland
https://search.library.wisc.edu/digital/AARPKZE2ACPFAM8P,OH098,"['Columbus', 'Ohio']",White,female,63,(old),college,large city,Midland
https://search.library.wisc.edu/digital/AEB5GZZAQ6B2VK8Z,OH100,"['Columbus', 'Ohio']",White,female,16,(young),high school,large city,Midland
https://search.library.wisc.edu/digital/AJH3NXM46ZWQU58T,OH102,"['Cincinnati', 'Ohio']",Black,female,35,(young),high school,urban,Midland
https://search.library.wisc.edu/digital/AY4C4FNB7BMXAZ8F,OH103,"['Cincinnati', 'Ohio']",Black,male,17,(young),some high school,urban,Midland
https://search.library.wisc.edu/digital/A3HXW2QAGMXOVW8W,OK019,"['Fairview', 'Oklahoma']",White,female,62,(old),grade school,rural,Midland
https://search.library.wisc.edu/digital/AJH6JE7W4JKTOR9A,OK022,"['Broken Bow', 'Oklahoma']",American Indian,female,70,(old),high school,village,South
https://search.library.wisc.edu/digital/A66NAAPBXSSWPV8E,OK023,"['Broken Bow', 'Oklahoma']",White,male,66,(old),high school,village,South
https://search.library.wisc.edu/digital/AT6C7A7IQ7K5UR9E,OK027,"['Frederick', 'Oklahoma']",White,male,39,(young),high school,village,South
https://search.library.wisc.edu/digital/ANMTS7P5YJ6EYW85,OK029,"['Guymon', 'Oklahoma']",White,male,46,(middle-aged),high school,village,South
https://search.library.wisc.edu/digital/AKEV4NHPLRJ7N58T,OK031,"['Guymon', 'Oklahoma']",White,female,54,(middle-aged),grade school,village,South
https://search.library.wisc.edu/digital/A6CJZ7JYVWMLZS8O,OK032,"['Guymon', 'Oklahoma']",White,female,66,(old),college,village,South
https://search.library.wisc.edu/digital/ANTYYP6ZHIFATC8I,OK042,"['Canadian', 'Oklahoma']",White,male,60,(old),grade school,rural,South
https://search.library.wisc.edu/digital/AGEJZCLXZ4BKCK87,OK051,"['McAlester', 'Oklahoma']",White,male,73,(old),high school,rural,South
https://search.library.wisc.edu/digital/AJDHFQC2P3SSFS9B,OK052,"['McAlester', 'Oklahoma']",White,male,62,(old),some schooling,village,South
https://search.library.wisc.edu/digital/AL2GBEM3E3ZID39C,OK054,"['Taft', 'Oklahoma']",Black,male,23,(young),college,rural,South
https://search.library.wisc.edu/digital/AVAXLQ7RLN7LIT8S,OK055,"['Taft', 'Oklahoma']",Black,male,55,(middle-aged),high school,rural,South
https://search.library.wisc.edu/digital/ABAS7CHPHXGJ2L85,OK056,"['Muskogee', 'Oklahoma']",Black,female,42,(middle-aged),high school,small city,South
https://search.library.wisc.edu/digital/ADQ7HQI3QVVEN39C,OK057,"['Muskogee', 'Oklahoma']",Black,male,37,(middle-aged),college,small city,South
https://search.library.wisc.edu/digital/A4VG465RRRFSCZ8M,OR001,"['Bend', 'Oregon']",White,female,49,(middle-aged),high school,small city,West
https://search.library.wisc.edu/digital/A3VP7N7BW7CS6Z8E,OR002,"['Jacksonville', 'Oregon']",White,male,74,(old),8th grade,village,West
https://search.library.wisc.edu/digital/AYVQD4ZERO2YJJ8M,OR003,"['Jacksonville', 'Oregon']",White,male,84,(old),8th grade,village,West
https://search.library.wisc.edu/digital/AMMXZ6M2MW2U5L8Y,OR006,"['Junction City', 'Oregon']",White,female,67,(old),grade school,village,West
https://search.library.wisc.edu/digital/ATFGRVSLQ34JD48B,OR011,"['Jordan Valley', 'Oregon']",White,male,75,(old),some schooling,rural,West
https://search.library.wisc.edu/digital/AMA2YBSQESEFDR9A,OR013,"['Burns', 'Oregon']",White,male,75,(old),college,village,West
https://search.library.wisc.edu/digital/AMKMUY65IQCDMX8X,OR015,"['Pendleton', 'Oregon']",White,male,58,(middle-aged),college,small city,West
https://search.library.wisc.edu/digital/AFCOWLKRM7GRVB8C,OR018,"['Jordan Valley', 'Oregon']",,,,,,,West
https://search.library.wisc.edu/digital/AZQHKABHALFXWD83,PA002,"['Lititz', 'Pennsylvania']",White,female,52,(middle-aged),some college,village,Midland
https://search.library.wisc.edu/digital/AAPM22RSQQMADL82,PA003,"['Lititz', 'Pennsylvania']",White,male,73,(old),college,village,Midland
https://search.library.wisc.edu/digital/AXUSQ4ZZFAROHV9D,PA004,"['Lititz', 'Pennsylvania']",White,female,69,(old),some college,village,Midland
https://search.library.wisc.edu/digital/AXEKOIL7INL6PY9E,PA005,"['Paradise', 'Pennsylvania']",White,female,73,(old),high school,rural,Midland
https://search.library.wisc.edu/digital/AJCL7LDJ4JRZSL8J,PA007,"['Paradise', 'Pennsylvania']",White,female,55,(middle-aged),college,rural,Midland
https://search.library.wisc.edu/digital/AFE37ABRGKFQ2T8I,PA009,"['Lancaster', 'Pennsylvania']",,,,,,,Midland
https://search.library.wisc.edu/digital/AF5PRN5U2LFHVO8R,PA011,"['Millersville', 'Pennsylvania']",White,male,61,(old),some college,village,Midland
https://search.library.wisc.edu/digital/AX6FI6QRXZ5USV8Q,PA014,"['Carlisle', 'Pennsylvania']",White,female,78,(old),grade school,rural,Midland
https://search.library.wisc.edu/digital/AFXCUKUWIBA6IF82,PA015,"['New Bloomfield', 'Pennsylvania']",,,,,,,Midland
https://search.library.wisc.edu/digital/AL6C3BGFFSP7P38F,PA018,"['Manheim', 'Pennsylvania']",White,female,56,(middle-aged),high school,village,Midland
https://search.library.wisc.edu/digital/A6EWADAONPBOO385,PA019,"['Manheim', 'Pennsylvania']",White,female,51,(middle-aged),some high school,village,Midland
https://search.library.wisc.edu/digital/AQRDWWWI2QOTIX8Y,PA020,"['Manheim', 'Pennsylvania']",White,female,83,(old),high school,village,Midland
https://search.library.wisc.edu/digital/ACG57TB7PBJGR38O,PA022,"['Terre Hill', 'Pennsylvania']",White,female,60,(old),college,rural,Midland
https://search.library.wisc.edu/digital/AQPGQOJPC6J6BC84,PA024,"['Terre Hill', 'Pennsylvania']",White,female,61,(old),some college,rural,Midland
https://search.library.wisc.edu/digital/ANAZT5IR7CFTOW8M,PA026,"['Honey Brook', 'Pennsylvania']",White,female,58,(middle-aged),college,village,Midland
https://search.library.wisc.edu/digital/A46J75ECA7VELH87,PA027,"['Honey Brook', 'Pennsylvania']",White,male,70,(old),some college,village,Midland
https://search.library.wisc.edu/digital/AP22EX4LR2KLAR8B,PA028,"['Annville', 'Pennsylvania']",White,female,68,(old),high school,village,Midland
https://search.library.wisc.edu/digital/A47APRMUV2O7HZ8A,PA029,"['Strasburg', 'Pennsylvania']",White,male,68,(old),some college,village,Midland
